DisplaySequenceId,CountryIds,FlightName,HintId
mobile_billing_non_sim,,,nonSimMobiPage
nonSimMobiPageSequence,,,non_sim_mobi_heading
,,,non_sim_mobi_phone_operator
,,,non_sim_mobi_phone_number
,,,nonSimMobiFooterTextGroup
,,,non_sim_mobi_disclaimer
,,,cancelSubmitGroup
nonSimMobiFooterTextGroupSequence,,,non_sim_mobi_footer1
,,,non_sim_mobi_footer2
,,,non_sim_mobi_footer3
smsChallengeSequence,,,smsChallengePage
smsChallengePageSequence,,,smsChallengeHeading
,,,smsChallengeText
,,,smsChallengeCode
,,,smsNewCodeLink
,,,cancelOkGroup
achPicvChallengeSequence,,,achPicvChallengePage
achPicvChallengePageSequence,,,directDebitAchStaticPageHeading
,,,directDebitChallengeSubheading
,,,directDebitAchChallengeAmount
,,,directDebitChallengeLine1
,,,directDebitChallengeLine2
,,,cancelSaveNextGroup
sepaPicvChallengeSequence,,,sepaPicvChallengePage
sepaPicvChallengePageSequence,,,directDebitSepaStaticPageHeading
,,,directDebitChallengeSubheading
,,,directDebitSepaChallengeAmount
,,,directDebitChallengeLine1
,,,directDebitChallengeLine2
,,,cancelSaveNextGroup
alipayEmailBillingAgreement,,,alipayEmailBillingAgreementPage
alipayEmailBillingAgreementPageSequence,,,alipayBillingAgreementHeading
,,,alipayBillingAgreementAccountType
,,,alipayBillingAgreementAccountId
,,,alipayBillingAgreementPhone
,,,alipayBillingAgreementFooterTextGroup
,,,cancelSaveNextGroup
alipayMobileBillingAgreement,,,alipayMobileBillingAgreementPage
alipayMobileBillingAgreementPageSequence,,,alipayBillingAgreementHeading
,,,alipayBillingAgreementAccountType
,,,alipayBillingAgreementAccountId
,,,alipayBillingAgreementLastFiveCertNo
,,,alipayBillingAgreementFooterTextGroup
,,,cancelSaveNextGroup
creditCardVisaAdd,,,creditCardVisaAddPage
creditCardVisaAddPageSequence,,,accept_card_message
,,,creditCardVisaLogo
,,,add_credit_debit_heading
,,,cardholderName
,,,cardNumber
,,,expiryGroup
,,,cvv
,,,address.billingInternal.()Operation.()CountryId
,,,paymentSummaryText
,,,paymentChangeSettingsTextGroup
,,,microsoftPrivacyTextGroup
,,,pidlContainer
,,,noProfileAddressText
,,,cancelSaveGroup
creditCardUpdate,,,creditCardUpdatePage
creditCardUpdatePageSequence,,,update_credit_debit_heading
,,,cardholderName
,,,lastFourDigits
,,,expiryGroup
,,,address.billingInternal.()Operation.()CountryId
,,,paymentSummaryText
,,,paymentChangeSettingsTextGroup
,,,microsoftPrivacyTextGroup
,,,cancelSaveGroup
creditCardAmexAdd,,,creditCardAmexAddPage
creditCardAmexAddPageSequence,,,accept_card_message
,,,creditCardAmexLogo
,,,add_credit_debit_heading
,,,cardholderName
,,,cardNumberAmex
,,,expiryGroup
,,,cvv
,,,address.billingInternal.()Operation.()CountryId
,,,paymentSummaryText
,,,paymentChangeSettingsTextGroup
,,,microsoftPrivacyTextGroup
,,,pidlContainer
,,,noProfileAddressText
,,,cancelSaveGroup
creditCardMCAdd,,,creditCardMCAddPage
creditCardMCAddPageSequence,,,accept_card_message
,,,creditCardMCLogo
,,,add_credit_debit_heading
,,,cardholderName
,,,cardNumber
,,,expiryGroup
,,,cvv
,,,address.billingInternal.()Operation.()CountryId
,,,paymentSummaryText
,,,paymentChangeSettingsTextGroup
,,,microsoftPrivacyTextGroup
,,,pidlContainer
,,,noProfileAddressText
,,,cancelSaveGroup
creditCardDiscoverAdd,,,creditCardDiscoverAddPage
creditCardDiscoverAddPageSequence,,,accept_card_message
,,,creditCardDiscoverLogo
,,,add_credit_debit_heading
,,,cardholderName
,,,cardNumber
,,,expiryGroup
,,,cvv
,,,address.billingInternal.()Operation.()CountryId
,,,paymentSummaryText
,,,paymentChangeSettingsTextGroup
,,,microsoftPrivacyTextGroup
,,,pidlContainer
,,,noProfileAddressText
,,,cancelSaveGroup
creditCardJCBAdd,,,creditCardJCBAddPage
creditCardJCBAddPageSequence,,,accept_card_message
,,,creditCardJCBLogo
,,,add_credit_debit_heading
,,,cardholderName
,,,cardNumber
,,,expiryGroup
,,,cvv
,,,address.billingInternal.()Operation.()CountryId
,,,paymentSummaryText
,,,paymentChangeSettingsTextGroup
,,,pidlContainer
,,,cancelSaveGroup
creditCardCupAdd,,,creditCardCupAddPage
creditCardCupAddPageSequence,,,addCupCreditCardHeading
,,,cardholderName
,,,cardNumberCup
,,,expiryGroup
,,,cvvCup
,,,cupPhoneNumber
,,,microsoftPrivacyTextGroup
,,,cancelSaveGroup
creditCardCupUpdate,,,creditCardCupUpdatePage
creditCardCupUpdatePageSequence,,,updateCupCreditCardHeading
,,,cardholderName
,,,lastFourDigits
,,,expiryGroup
,,,cvvCup
,,,cupPhoneNumber
,,,microsoftPrivacyTextGroup
,,,cancelSaveGroup
debitCardCupAdd,,,debitCardCupAddPage
debitCardCupAddPageSequence,,,addCupDebitCardHeading
,,,cardNumberCup
,,,cupPhoneNumber
,,,microsoftPrivacyTextGroup
,,,cancelSaveGroup
debitCardCupUpdate,,,debitCardCupUpdatePage
debitCardCupUpdatePageSequence,,,updateCupDebitCardHeading
,,,lastFourDigits
,,,cupPhoneNumber
,,,microsoftPrivacyTextGroup
,,,cancelSaveGroup
directDebitSepaAdd,,,directDebitSepaAddPage
,,,directDebitSepaSummaryPage
directDebitSepaAddPageSequence,,,addDirectDebitSepaText
,,,directDebitSepaAccountholderName
,,,directDebitSepaBankName
,,,directDebitSepaBankCode
,,,directDebitSepaAccount
,,,address.billingInternal.()Operation.()CountryId
,,,microsoftPrivacyTextGroup
,,,pidlContainer
,,,cancelNextGroup
directDebitAchAdd,,,directDebitAchAddPage
,,,directDebitAchSummaryPage
directDebitAchAddPageSequence,,,addDirectDebitAchText
,,,directDebitAchAccountholderName
,,,directDebitAchAccountType
,,,directDebitAchAccount
,,,directDebitAchBankCode
,,,address.billingInternal.()Operation.()CountryId
,,,achTermCheckbox
,,,microsoftPrivacyTextGroup
,,,pidlContainer
,,,cancelNextGroup
paypal,,,paypalPage
paypalPageSequence,,,paypalTextGroup
,,,microsoftPrivacyTextGroup
,,,paypalChangeSettingsTextGroup
,,,cancelSaveNextGroup
idealBillingAgreement,,,idealBillingAgreementPage
idealBillingAgreementPageSequence,,,idealBillingAgreementHeading
,,,idealBillingAgreementSelectBank
,,,idealBillingAgreementTextGroup
,,,cancelSubmitGroup
idealredirectDisplayDescription,,,idealredirectPage
idealredirectPageSequence,,,idealredirectHeading
,,,idealredirectMessageLine1
,,,idealredirectMessageLine2TextGroup
,,,idealCancelSuccessGroup
achPicvStaticDisplayDescription,,,achPicvStaticPage
achPicvStaticPageSequence,,,directDebitAchStaticPageHeading
,,,directDebitAchStaticLine1
,,,directDebitAchStaticLine2
,,,directDebitAchStaticLine3
,,,directDebitAchStaticLine4
,,,directDebitAchStaticLine5
,,,directDebitAchStaticLine6
,,,cancelNextYesGroup
sepaPicvStaticDisplayDescription,,,sepaPicvStaticPage
sepaPicvStaticPageSequence,,,directDebitSepaStaticPageHeading
,,,directDebitSepaStaticLine1
,,,sepaButtonGroup
paymentMethodSelect,,,paymentMethodSelectPage
paymentMethodSelectPageSequence,,,paymentMethod
paymentInstrumentSelect,,,paymentInstrumentSelectPage
paymentInstrumentSelectPageSequence,in,IndiaTokenizationMessage,paymentInstrumentTokenizationTextGroup
,in,,paymentInstrument
,in,,newPaymentMethodLink
paymentInstrumentSelectFirstPageSequence,in,,paymentInstrument
,in,,useButtonNext
,in,,newPaymentMethodLink
paymentInstrumentSelectPageSequence,,,paymentInstrument
,,,newPaymentMethodLink
paymentInstrumentSelectFirstPageSequence,,,paymentInstrument
,,,useButtonNext
,,,newPaymentMethodLink
noPaymentInstrumentSelect,,,noPaymentInstrumentSelectPage
noPaymentInstrumentSelectPageSequence,in,IndiaTokenizationMessage,paymentInstrumentTokenizationTextGroup
,in,,newPaymentMethodLink
noPaymentInstrumentSelectPageSequence,,,newPaymentMethodLink
noActivePaymentInstrumentSelect,,,noActivePaymentInstrumentSelectPage
noActivePaymentInstrumentSelectPageSequence,in,IndiaTokenizationMessage,paymentInstrumentTokenizationTextGroup
,in,,selectPaymentMethodLink
noActivePaymentInstrumentSelectPageSequence,,,selectPaymentMethodLink
paymentInstrumentTokenizationTextGroupSequence,,,paymentInstrumentSelectMessage
backupPaymentInstrumentSelect,,,paymentInstrumentSelectFirstPage
,,,backupPaymentSelectPage
backupPaymentSelectPageSequence,,,paymentSelectionGroup
,,,remainingBalanceText
,,,backupPaymentSelectHeading
,,,backupPaymentInstrument
,,,useButtonPidlPayload
,,,newPaymentMethodLink
paymentSelectionGroupSequence,,,paymentSelectionImage
,,,paymentInstrumentDisplayGroup
,,,paymentChangeButton
paymentInstrumentDisplayGroupSequence,,,paymentInstrumentSelection
,,,paymentInstrumentBalance
singlePaymentInstrumentSelect,,,singlePaymentSelectPage
singlePaymentSelectPageSequence,,,paymentSelectionChangeGroup
,,,successButtonHidden
singlePaymentInstrumentCsv,,,singlePaymentInstrumentCsvPage
singlePaymentInstrumentCsvPageSequence,,,paymentSelectionChangeGroup
,,,remainingBalanceText
,,,backupPaymentSelectHeading
,,,successButtonHidden
paymentSelectionChangeGroupSequence,,,paymentSelectionImage
,,,paymentInstrumentDisplayGroup
,,,changeInstanceButton
singleBackupSelect,,,singleBackupSelectPage
singleBackupSelectPageSequence,,,paymentSelectionChangeGroup
,,,backupSelectionGroup
,,,successButtonHidden
backupSelectionGroupSequence,,,backupSelectionImage
,,,backupPaymentInstrumentDisplayGroup
backupPaymentInstrumentDisplayGroupSequence,,,backupPaymentInstrumentSelection
,,,backupPaymentInstrumentBalance
expirySequence,,,expiryMonth
,,,expiryYear
cvvHelpSequence,,,creditCardsCVV3Text
,,,creditCardsCVV3LocationText
,,,creditCardsCVV3Image
,,,creditCardsCVV4Text
,,,creditCardsCVV4LocationText
,,,creditCardsCVV4Image
cvvCupHelpSequence,,,creditCardsCVV3Text
,,,creditCardsCVV3LocationText
,,,creditCardsCVV3Image
directDebitSepaSummaryPageSequence,,,addDirectDebitSepaText
,,,directDebitSepaSummaryPageInfoText
,,,directDebitSepaSummaryGroup
,,,directDebitSepaSummaryAddressGroup
,,,directDebitSepaDocuSignText
,,,backSaveNextGroup
directDebitSepaSummaryGroupSequence,,,directDebitSepaSummaryLine1
,,,directDebitSepaSummaryLine2
,,,directDebitSepaSummaryLine3
,,,directDebitSepaSummaryLine4
directDebitSepaSummaryAddressSequence,,,directDebitSepaSummaryLine5
,,,directDebitSepaSummaryLine6
,,,directDebitSepaSummaryLine7
achAccountNumberHelpSequence,,,achAccountNumberImage
,,,achAccountNumberImageText
achRoutingNumberHelpSequence,,,achRoutingNumberImage
,,,achRoutingNumberImageText
directDebitAchSummaryPageSequence,,,addDirectDebitAchText
,,,directDebitAchSummaryPageInfoText
,,,directDebitAchSummaryGroup
,,,directDebitAchSummaryAddressGroup
,,,backSaveNextGroup
directDebitAchSummaryGroupSequence,,,directDebitAchSummaryLine1
,,,directDebitAchSummaryLine2
,,,directDebitAchSummaryLine3
,,,directDebitAchSummaryLine4
directDebitAchSummaryAddressSequence,,,directDebitAchSummaryLine5
,,,directDebitAchSummaryLine6
addressA1A2A3CtStPcCo,{}A1A2A3CtStPcCo,,addressLine1
,{}A1A2A3CtStPcCo,,addressLine2
,{}A1A2A3CtStPcCo,,addressLine3
,{}A1A2A3CtStPcCo,,addressCity
,{}A1A2A3CtStPcCo,,addressState
,{}A1A2A3CtStPcCo,,addressPostalCode
,{}A1A2A3CtStPcCo,,addressCountry
addressA1A2CtCnPcCo,{}A1A2CtCnPcCo,,addressLine1
,{}A1A2CtCnPcCo,,addressLine2
,{}A1A2CtCnPcCo,,addressCity
,{}A1A2CtCnPcCo,,addressCounty
,{}A1A2CtCnPcCo,,addressPostalCode
,{}A1A2CtCnPcCo,,addressCountry
addressA1A2CtCo,{}A1A2CtCo,,addressLine1
,{}A1A2CtCo,,addressLine2
,{}A1A2CtCo,,addressCity
,{}A1A2CtCo,,addressCountry
addressA1A2CtDtPcCo,{}A1A2CtDtPcCo,,addressLine1
,{}A1A2CtDtPcCo,,addressLine2
,{}A1A2CtDtPcCo,,addressCity
,{}A1A2CtDtPcCo,,addressPostalCode
,{}A1A2CtDtPcCo,,addressCountry
addressA1A2CtPcCo,{}A1A2CtPcCo,,addressLine1
,{}A1A2CtPcCo,,addressLine2
,{}A1A2CtPcCo,,addressCity
,{}A1A2CtPcCo,,addressPostalCode
,{}A1A2CtPcCo,,addressCountry
addressA1A2CtPcStCo,{}A1A2CtPcStCo,,addressLine1
,{}A1A2CtPcStCo,,addressLine2
,{}A1A2CtPcStCo,,addressCity
,{}A1A2CtPcStCo,,addressPostalCode
,{}A1A2CtPcStCo,,addressState
,{}A1A2CtPcStCo,,addressCountry
addressA1A2CtPvPcCo,{}A1A2CtPvPcCo,,addressLine1
,{}A1A2CtPvPcCo,,addressLine2
,{}A1A2CtPvPcCo,,addressCity
,{}A1A2CtPvPcCo,,addressProvince
,{}A1A2CtPvPcCo,,addressPostalCode
,{}A1A2CtPvPcCo,,addressCountry
addressA1A2CtStPcCo,{}A1A2CtStPcCo,,addressLine1
,{}A1A2CtStPcCo,,addressLine2
,{}A1A2CtStPcCo,,addressCity
,{}A1A2CtStPcCo,,addressState
,{}A1A2CtStPcCo,,addressPostalCode
,{}A1A2CtStPcCo,,addressCountry
addressA1A2PcStCtCo,{}A1A2PcStCtCo,,addressLine1
,{}A1A2PcStCtCo,,addressLine2
,{}A1A2PcStCtCo,,addressPostalCode
,{}A1A2PcStCtCo,,addressState
,{}A1A2PcStCtCo,,addressCity
,{}A1A2PcStCtCo,,addressCountry
addressA1A2DtCtStPcCo,{}A1A2DtCtStPcCo,,addressLine1
,{}A1A2DtCtStPcCo,,addressLine2
,{}A1A2DtCtStPcCo,,addressCity
,{}A1A2DtCtStPcCo,,addressState
,{}A1A2DtCtStPcCo,,addressPostalCode
,{}A1A2DtCtStPcCo,,addressCountry
addressA1A2PcCtCo,{}A1A2PcCtCo,,addressLine1
,{}A1A2PcCtCo,,addressLine2
,{}A1A2PcCtCo,,addressPostalCode
,{}A1A2PcCtCo,,addressCity
,{}A1A2PcCtCo,,addressCountry
addressA1A2PcPvCtCo,{}A1A2PcPvCtCo,,addressLine1
,{}A1A2PcPvCtCo,,addressLine2
,{}A1A2PcPvCtCo,,addressPostalCode
,{}A1A2PcPvCtCo,,addressProvince
,{}A1A2PcPvCtCo,,addressCity
,{}A1A2PcPvCtCo,,addressCountry
addressA1CtPcCo,{}A1CtPcCo,,addressLine1
,{}A1CtPcCo,,addressCity
,{}A1CtPcCo,,addressPostalCode
,{}A1CtPcCo,,addressCountry
addressA1CtPcStCo,{}A1CtPcStCo,,addressLine1
,{}A1CtPcStCo,,addressCity
,{}A1CtPcStCo,,addressPostalCode
,{}A1CtPcStCo,,addressState
,{}A1CtPcStCo,,addressCountry
addressCoCtA1A2,{}CoCtA1A2,,addressCountry
,{}CoCtA1A2,,addressCity
,{}CoCtA1A2,,addressLine1
,{}CoCtA1A2,,addressLine2
addressCoPcStCtA1A2,{}CoPcStCtA1A2,,addressCountry
,{}CoPcStCtA1A2,,addressPostalCode
,{}CoPcStCtA1A2,,addressState
,{}CoPcStCtA1A2,,addressCity
,{}CoPcStCtA1A2,,addressLine1
,{}CoPcStCtA1A2,,addressLine2
addressCoPvCtDtA1A2Pc,{}CoPvCtDtA1A2Pc,,addressCountry
,{}CoPvCtDtA1A2Pc,,addressProvince
,{}CoPvCtDtA1A2Pc,,addressCity
,{}CoPvCtDtA1A2Pc,,addressLine1
,{}CoPvCtDtA1A2Pc,,addressLine2
,{}CoPvCtDtA1A2Pc,,addressPostalCode
addressPcStCtA1A2Co,{}PcStCtA1A2Co,,addressPostalCode
,{}PcStCtA1A2Co,,addressState
,{}PcStCtA1A2Co,,addressCity
,{}PcStCtA1A2Co,,addressLine1
,{}PcStCtA1A2Co,,addressLine2
,{}PcStCtA1A2Co,,addressCountry
profileAddressAutoSubmit,,,saveButtonHidden
addressA1A2A3CtStPcCoWithButton,{}A1A2A3CtStPcCo,,addressA1A2A3CtStPcCoWithButtonPage
addressA1A2A3CtStPcCoWithButtonPageSequence,{}A1A2A3CtStPcCo,,profileAddressPageHeading
,{}A1A2A3CtStPcCo,,profileAddressPageSubheading
,{}A1A2A3CtStPcCo,,addressLine1
,{}A1A2A3CtStPcCo,,addressLine2
,{}A1A2A3CtStPcCo,,addressLine3
,{}A1A2A3CtStPcCo,,addressCity
,{}A1A2A3CtStPcCo,,addressState
,{}A1A2A3CtStPcCo,,addressPostalCode
,{}A1A2A3CtStPcCo,,addressCountry
,{}A1A2A3CtStPcCo,,microsoftPrivacyTextGroup
,{}A1A2A3CtStPcCo,,cancelSaveGroup
addressA1A2CtCnPcCoWithButton,{}A1A2CtCnPcCo,,addressA1A2CtCnPcCoWithButtonPage
addressA1A2CtCnPcCoWithButtonPageSequence,{}A1A2CtCnPcCo,,profileAddressPageHeading
,{}A1A2CtCnPcCo,,profileAddressPageSubheading
,{}A1A2CtCnPcCo,,addressLine1
,{}A1A2CtCnPcCo,,addressLine2
,{}A1A2CtCnPcCo,,addressCity
,{}A1A2CtCnPcCo,,addressCounty
,{}A1A2CtCnPcCo,,addressPostalCode
,{}A1A2CtCnPcCo,,addressCountry
,{}A1A2CtCnPcCo,,microsoftPrivacyTextGroup
,{}A1A2CtCnPcCo,,cancelSaveGroup
addressA1A2CtCoWithButton,{}A1A2CtCo,,addressA1A2CtCoWithButtonPage
addressA1A2CtCoWithButtonPageSequence,{}A1A2CtCo,,profileAddressPageHeading
,{}A1A2CtCo,,profileAddressPageSubheading
,{}A1A2CtCo,,addressLine1
,{}A1A2CtCo,,addressLine2
,{}A1A2CtCo,,addressCity
,{}A1A2CtCo,,addressCountry
,{}A1A2CtCo,,microsoftPrivacyTextGroup
,{}A1A2CtCo,,cancelSaveGroup
addressA1A2CtDtPcCoWithButton,{}A1A2CtDtPcCo,,addressA1A2CtDtPcCoWithButtonPage
addressA1A2CtDtPcCoWithButtonPageSequence,{}A1A2CtDtPcCo,,profileAddressPageHeading
,{}A1A2CtDtPcCo,,profileAddressPageSubheading
,{}A1A2CtDtPcCo,,addressLine1
,{}A1A2CtDtPcCo,,addressLine2
,{}A1A2CtDtPcCo,,addressCity
,{}A1A2CtDtPcCo,,addressPostalCode
,{}A1A2CtDtPcCo,,addressCountry
,{}A1A2CtDtPcCo,,microsoftPrivacyTextGroup
,{}A1A2CtDtPcCo,,cancelSaveGroup
addressA1A2CtPcCoWithButton,{}A1A2CtPcCo,,addressA1A2CtPcCoWithButtonPage
addressA1A2CtPcCoWithButtonPageSequence,{}A1A2CtPcCo,,profileAddressPageHeading
,{}A1A2CtPcCo,,profileAddressPageSubheading
,{}A1A2CtPcCo,,addressLine1
,{}A1A2CtPcCo,,addressLine2
,{}A1A2CtPcCo,,addressCity
,{}A1A2CtPcCo,,addressPostalCode
,{}A1A2CtPcCo,,addressCountry
,{}A1A2CtPcCo,,microsoftPrivacyTextGroup
,{}A1A2CtPcCo,,cancelSaveGroup
addressA1A2CtPcStCoWithButton,{}A1A2CtPcStCo,,addressA1A2CtPcStCoWithButtonPage
addressA1A2CtPcStCoWithButtonPageSequence,{}A1A2CtPcStCo,,profileAddressPageHeading
,{}A1A2CtPcStCo,,profileAddressPageSubheading
,{}A1A2CtPcStCo,,addressLine1
,{}A1A2CtPcStCo,,addressLine2
,{}A1A2CtPcStCo,,addressCity
,{}A1A2CtPcStCo,,addressPostalCode
,{}A1A2CtPcStCo,,addressState
,{}A1A2CtPcStCo,,addressCountry
,{}A1A2CtPcStCo,,microsoftPrivacyTextGroup
,{}A1A2CtPcStCo,,cancelSaveGroup
addressA1A2CtPvPcCoWithButton,{}A1A2CtPvPcCo,,addressA1A2CtPvPcCoWithButtonPage
addressA1A2CtPvPcCoWithButtonPageSequence,{}A1A2CtPvPcCo,,profileAddressPageHeading
,{}A1A2CtPvPcCo,,profileAddressPageSubheading
,{}A1A2CtPvPcCo,,addressLine1
,{}A1A2CtPvPcCo,,addressLine2
,{}A1A2CtPvPcCo,,addressCity
,{}A1A2CtPvPcCo,,addressProvince
,{}A1A2CtPvPcCo,,addressPostalCode
,{}A1A2CtPvPcCo,,addressCountry
,{}A1A2CtPvPcCo,,microsoftPrivacyTextGroup
,{}A1A2CtPvPcCo,,cancelSaveGroup
addressA1A2CtStPcCoWithButton,{}A1A2CtStPcCo,,addressA1A2CtStPcCoWithButtonPage
addressA1A2CtStPcCoWithButtonPageSequence,{}A1A2CtStPcCo,,profileAddressPageHeading
,{}A1A2CtStPcCo,,profileAddressPageSubheading
,{}A1A2CtStPcCo,,addressLine1
,{}A1A2CtStPcCo,,addressLine2
,{}A1A2CtStPcCo,,addressCity
,{}A1A2CtStPcCo,,addressState
,{}A1A2CtStPcCo,,addressPostalCode
,{}A1A2CtStPcCo,,addressCountry
,{}A1A2CtStPcCo,,microsoftPrivacyTextGroup
,{}A1A2CtStPcCo,,cancelSaveGroup
addressA1A2PcStCtCoWithButton,{}A1A2PcStCtCo,,addressA1A2PcStCtCoWithButtonPage
addressA1A2PcStCtCoWithButtonPageSequence,{}A1A2PcStCtCo,,profileAddressPageHeading
,{}A1A2PcStCtCo,,profileAddressPageSubheading
,{}A1A2PcStCtCo,,addressLine1
,{}A1A2PcStCtCo,,addressLine2
,{}A1A2PcStCtCo,,addressPostalCode
,{}A1A2PcStCtCo,,addressState
,{}A1A2PcStCtCo,,addressCity
,{}A1A2PcStCtCo,,addressCountry
,{}A1A2PcStCtCo,,microsoftPrivacyTextGroup
,{}A1A2PcStCtCo,,cancelSaveGroup
addressA1A2DtCtStPcCoWithButton,{}A1A2DtCtStPcCo,,addressA1A2DtCtStPcCoWithButtonPage
addressA1A2DtCtStPcCoWithButtonPageSequence,{}A1A2DtCtStPcCo,,profileAddressPageHeading
,{}A1A2DtCtStPcCo,,profileAddressPageSubheading
,{}A1A2DtCtStPcCo,,addressLine1
,{}A1A2DtCtStPcCo,,addressLine2
,{}A1A2DtCtStPcCo,,addressCity
,{}A1A2DtCtStPcCo,,addressState
,{}A1A2DtCtStPcCo,,addressPostalCode
,{}A1A2DtCtStPcCo,,addressCountry
,{}A1A2DtCtStPcCo,,microsoftPrivacyTextGroup
,{}A1A2DtCtStPcCo,,cancelSaveGroup
addressA1A2PcCtCoWithButton,{}A1A2PcCtCo,,addressA1A2PcCtCoWithButtonPage
addressA1A2PcCtCoWithButtonPageSequence,{}A1A2PcCtCo,,profileAddressPageHeading
,{}A1A2PcCtCo,,profileAddressPageSubheading
,{}A1A2PcCtCo,,addressLine1
,{}A1A2PcCtCo,,addressLine2
,{}A1A2PcCtCo,,addressPostalCode
,{}A1A2PcCtCo,,addressCity
,{}A1A2PcCtCo,,addressCountry
,{}A1A2PcCtCo,,microsoftPrivacyTextGroup
,{}A1A2PcCtCo,,cancelSaveGroup
addressA1A2PcPvCtCoWithButton,{}A1A2PcPvCtCo,,addressA1A2PcPvCtCoWithButtonPage
addressA1A2PcPvCtCoWithButtonPageSequence,{}A1A2PcPvCtCo,,profileAddressPageHeading
,{}A1A2PcPvCtCo,,profileAddressPageSubheading
,{}A1A2PcPvCtCo,,addressLine1
,{}A1A2PcPvCtCo,,addressLine2
,{}A1A2PcPvCtCo,,addressPostalCode
,{}A1A2PcPvCtCo,,addressProvince
,{}A1A2PcPvCtCo,,addressCity
,{}A1A2PcPvCtCo,,addressCountry
,{}A1A2PcPvCtCo,,microsoftPrivacyTextGroup
,{}A1A2PcPvCtCo,,cancelSaveGroup
addressA1CtPcCoWithButton,{}A1CtPcCo,,addressA1CtPcCoWithButtonPage
addressA1CtPcCoWithButtonPageSequence,{}A1CtPcCo,,profileAddressPageHeading
,{}A1CtPcCo,,profileAddressPageSubheading
,{}A1CtPcCo,,addressLine1
,{}A1CtPcCo,,addressCity
,{}A1CtPcCo,,addressPostalCode
,{}A1CtPcCo,,addressCountry
,{}A1CtPcCo,,microsoftPrivacyTextGroup
,{}A1CtPcCo,,cancelSaveGroup
addressA1CtPcStCoWithButton,{}A1CtPcStCo,,addressA1CtPcStCoWithButtonPage
addressA1CtPcStCoWithButtonPageSequence,{}A1CtPcStCo,,profileAddressPageHeading
,{}A1CtPcStCo,,profileAddressPageSubheading
,{}A1CtPcStCo,,addressLine1
,{}A1CtPcStCo,,addressCity
,{}A1CtPcStCo,,addressPostalCode
,{}A1CtPcStCo,,addressState
,{}A1CtPcStCo,,addressCountry
,{}A1CtPcStCo,,microsoftPrivacyTextGroup
,{}A1CtPcStCo,,cancelSaveGroup
addressCoCtA1A2WithButton,{}CoCtA1A2,,addressCoCtA1A2WithButtonPage
addressCoCtA1A2WithButtonPageSequence,{}CoCtA1A2,,profileAddressPageHeading
,{}CoCtA1A2,,profileAddressPageSubheading
,{}CoCtA1A2,,addressCountry
,{}CoCtA1A2,,addressCity
,{}CoCtA1A2,,addressLine1
,{}CoCtA1A2,,addressLine2
,{}CoCtA1A2,,microsoftPrivacyTextGroup
,{}CoCtA1A2,,cancelSaveGroup
addressCoPcStCtA1A2WithButton,{}CoPcStCtA1A2,,addressCoPcStCtA1A2WithButtonPage
addressCoPcStCtA1A2WithButtonPageSequence,{}CoPcStCtA1A2,,profileAddressPageHeading
,{}CoPcStCtA1A2,,profileAddressPageSubheading
,{}CoPcStCtA1A2,,addressCountry
,{}CoPcStCtA1A2,,addressPostalCode
,{}CoPcStCtA1A2,,addressState
,{}CoPcStCtA1A2,,addressCity
,{}CoPcStCtA1A2,,addressLine1
,{}CoPcStCtA1A2,,addressLine2
,{}CoPcStCtA1A2,,microsoftPrivacyTextGroup
,{}CoPcStCtA1A2,,cancelSaveGroup
addressCoPvCtDtA1A2PcWithButton,{}CoPvCtDtA1A2Pc,,addressCoPvCtDtA1A2PcWithButtonPage
addressCoPvCtDtA1A2PcWithButtonPageSequence,{}CoPvCtDtA1A2Pc,,profileAddressPageHeading
,{}CoPvCtDtA1A2Pc,,profileAddressPageSubheading
,{}CoPvCtDtA1A2Pc,,addressCountry
,{}CoPvCtDtA1A2Pc,,addressProvince
,{}CoPvCtDtA1A2Pc,,addressCity
,{}CoPvCtDtA1A2Pc,,addressLine1
,{}CoPvCtDtA1A2Pc,,addressLine2
,{}CoPvCtDtA1A2Pc,,addressPostalCode
,{}CoPvCtDtA1A2Pc,,microsoftPrivacyTextGroup
,{}CoPvCtDtA1A2Pc,,cancelSaveGroup
addressPcStCtA1A2CoWithButton,{}PcStCtA1A2Co,,addressPcStCtA1A2CoWithButtonPage
addressPcStCtA1A2CoWithButtonPageSequence,{}PcStCtA1A2Co,,profileAddressPageHeading
,{}PcStCtA1A2Co,,profileAddressPageSubheading
,{}PcStCtA1A2Co,,addressPostalCode
,{}PcStCtA1A2Co,,addressState
,{}PcStCtA1A2Co,,addressCity
,{}PcStCtA1A2Co,,addressLine1
,{}PcStCtA1A2Co,,addressLine2
,{}PcStCtA1A2Co,,addressCountry
,{}PcStCtA1A2Co,,microsoftPrivacyTextGroup
,{}PcStCtA1A2Co,,cancelSaveGroup
challengecvvSequence,,,challengecvvHeading
,,,challengecvvText
,,,challengecvvSecurityCode
,,,cancelNextGroup
challengecvv3Sequence,,,cvv3
,,,hiddenSubmitGroup
challengecvv4Sequence,,,cvv4
,,,hiddenSubmitGroup
hiddenSubmitGroupSequence,,,hiddenSubmitButton
backSaveNextGroupSequence,,,backButton
,,,saveNextButton
cancelNextGroupSequence,,,cancelButton
,,,nextButton
cancelSuccessGroupSequence,,,cancelButton
,,,YesButton
cancelNextYesGroupSequence,,,cancelButton
,,,YesNextButton
cancelSubmitGroupSequence,,,cancelButton
,,,submitButton
previousNextGroupSequence,,,previousButton
,,,nextButton
previousSubmitGroupSequence,,,previousButton
,,,submitButton
cancelSaveGroupSequence,,,cancelButton
,,,saveButton
cancelSaveNextGroupSequence,,,cancelButton
,,,saveNextButton
cancelOkGroupSequence,,,cancelButton
,,,okButton
cancelOkNextGroupSequence,,,cancelButton
,,,okNextButton
sepaButtonGroupSequence,,,sepaYesButton
,,,sepaTryAgainButton
,,,cancelButtonFullSize
idealCancelSuccessGroupSequence,,,cancelButton
,,,idealYesButton
microsoftPrivacyTextGroupSequence,,,microsoft_privacy_static_text
,,,privacyStatement
,,,privacyTextStaticPeriodText
paymentChangeSettingsTextGroupSequence,,,paymentChangeSettingsStaticText
,,,accountManagement
,,,changeSettingsStaticPeriodText
paypalChangeSettingsTextGroupSequence,,,paymentSummaryText
,,,paymentChangeSettingsStaticText
,,,accountManagement
,,,staticPeriodText
alipayBillingAgreementFooterTextGroupSequence,,,alipayBillingAgreementFooterStaticText1
,,,alipayBillingAgreementFooterStaticText2
,,,alipayBillingAgreementFooterStaticText3
,,,alipayBillingAgreementTOULink
,,,staticPeriodText
idealBillingAgreementTextSequence,,,paymentSummaryText
,,,paymentChangeSettingsTextGroup
,,,idealBillingAgreementBankTextGroup
idealBillingAgreementBankTextSequence,,,idealBillingAgreementText1
,,,idealBillingAgreementText2
,,,idealBillingAgreementText3
idealredirectMessageLine2TextSequence,,,idealredirectMessageLine2Text1
,,,idealredirectMessageLine2Text2
,,,idealredirectMessageLine2Text3
profilePrerequisitesDisplayDescription,,,profilePrerequisitesPage
profilePrerequisitesPageSequence,,,profileHeading
,,,firstName
,,,lastName
,,,emailAddress
,,,pidlContainer
,,,microsoftPrivacyTextGroup
,,,cancelSubmitGroup
taxCpf,,,taxCpfProperty
,,,saveButtonHidden
taxCnpj,,,taxCnpjProperty
taxVatId,,,taxVatIdProperty
,,,saveButtonHidden
taxIndiaStateCstId,,,taxIndiaStateCstIdProperty
taxIndiaStateVatId,,,taxIndiaStateVatIdProperty
taxIndiaStateGstId,,,taxIndiaStateGstIdProperty
taxIndiaPanId,,,taxIndiaPanIdProperty
taxCanadianFederalExempt,,,taxCanadianFederalExemptProperty
taxCanadianProvinceExempt,,,taxCanadianProvinceExemptProperty
taxUsExempt,,,taxUsExemptProperty
paypalTextGroupSequence,,,paypalText1
,,,paypalText2
,,,paypalText3
paypalUpdateAgreementDisplayDescription,,,paypalUpdateAgreementPage
paypalUpdateAgreementPageSequence,,,paypalUpdateAgreementTransparentLogo
,,,paypalUpdateAgreementHeading
,,,paypalUpdateAgreementSubheading
,,,paypalUpdateAgreementText
,,,paypalUpdateAgreementButtonGroup
paypalUpdateAgreementButtonGroupSequence,,,cancelButton
,,,agreeAndContinueButton
