CollectionName,Key,Name,DisplayHintId
A1A2A3CtStPcCo,in,India,
A1A2CtCnPcCo,gb,United Kingdom,
A1A2CtCo,ao,Angola,
,mr,Mauritania,
,qa,Qatar,
,tl,Timor-Leste,
,vg,British Virgin Islands,
,ye,Yemen,
A1A2CtDtPcCo,bq,Bonaire,
,ie,Ireland,
,ly,Libya,
A1A2CtPcCo,ad,Andorra,
,af,Afghanistan,
,ag,Antigua and Barbuda,
,ai,Anguilla,
,aq,Antarctica,
,as,American Samoa,
,aw,Aruba,
,ax,Åland Islands,
,bb,Barbados,
,bf,Burkina Faso,
,bh,Bahrain,
,bi,Burundi,
,bj,Benin,
,bl,Saint Barthélemy,
,bm,Bermuda,
,bo,Bolivia,
,bt,Bhutan,
,bv,Bouvet Island,
,bw,Botswana,
,cc,Cocos (Keeling) Islands,
,cd,Congo (DRC),
,cf,Central African Republic,
,cg,Congo,
,ci,Côte d’Ivoire,
,ck,Cook Islands,
,cm,Cameroon,
,co,Colombia,
,cv,Cabo Verde,
,cw,Curaçao,
,cx,Christmas Island,
,cy,Cyprus,
,dj,Djibouti,
,dk,Denmark,
,dm,Dominica,
,do,Dominican Republic,
,ec,Ecuador,
,eg,Egypt,
,er,Eritrea,
,et,Ethiopia,
,fi,Finland,
,fj,Fiji,
,fk,Falkland Islands,
,fm,Micronesia,
,fo,Faroe Islands,
,ga,Gabon,
,gd,Grenada,
,ge,Georgia,
,gf,French Guiana,
,gg,Guernsey,
,gh,Ghana,
,gi,Gibraltar,
,gl,Greenland,
,gm,Gambia,
,gn,Guinea,
,gp,Guadeloupe,
,gq,Equatorial Guinea,
,gs,South Georgia and South Sandwich Islands,
,gu,Guam,
,gw,Guinea-Bissau,
,gy,Guyana,
,hm,Heard Island and McDonald Islands,
,ht,Haiti,
,il,Israel,
,im,Isle of Man,
,io,British Indian Ocean Territory,
,is,Iceland,
,je,Jersey,
,jo,Jordan,
,ke,Kenya,
,ki,Kiribati,
,km,Comoros,
,kn,Saint Kitts and Nevis,
,kw,Kuwait,
,ky,Cayman Islands,
,la,Laos,
,lb,Lebanon,
,lc,Saint Lucia,
,li,Liechtenstein,
,lk,Sri Lanka,
,lr,Liberia,
,ls,Lesotho,
,lt,Lithuania,
,lv,Latvia,
,mc,Monaco,
,mf,Saint Martin,
,mg,Madagascar,
,mh,Marshall Islands,
,ml,Mali,
,mp,Northern Mariana Islands,
,mq,Martinique,
,ms,Montserrat,
,mt,Malta,
,mu,Mauritius,
,mv,Maldives,
,mw,Malawi,
,mz,Mozambique,
,na,Namibia,
,nc,New Caledonia,
,ne,Niger,
,nf,Norfolk Island,
,no,Norway,
,nr,Nauru,
,nu,Niue,
,nz,New Zealand,
,pe,Peru,
,pf,French Polynesia,
,pg,Papua New Guinea,
,pk,Pakistan,
,pm,Saint Pierre and Miquelon,
,pn,Pitcairn Islands,
,pr,Puerto Rico,
,ps,Palestinian Authority,
,pt,Portugal,
,pw,Palau,
,py,Paraguay,
,re,Réunion,
,rw,Rwanda,
,sb,Solomon Islands,
,sc,Seychelles,
,se,Sweden,
,sg,Singapore,
,sh,"St Helena, Ascension, Tristan da Cunha",
,si,Slovenia,
,sj,Svalbard,
,sk,Slovakia,
,sl,Sierra Leone,
,sm,San Marino,
,sn,Senegal,
,so,Somalia,
,sr,Suriname,
,st,São Tomé and Príncipe,
,sx,Sint Maarten,
,sz,Eswatini,
,tc,Turks and Caicos Islands,
,td,Chad,
,tg,Togo,
,tk,Tokelau,
,tm,Turkmenistan,
,tn,Tunisia,
,to,Tonga,
,tt,Trinidad and Tobago,
,tv,Tuvalu,
,tw,Taiwan,
,tz,Tanzania,
,ug,Uganda,
,um,U.S. Outlying Islands,
,uy,Uruguay,
,va,Vatican City,
,vc,Saint Vincent and the Grenadines,
,vi,U.S. Virgin Islands,
,vu,Vanuatu,
,wf,Wallis and Futuna,
,ws,Samoa,
,yt,Mayotte,
,zm,Zambia,
,zw,Zimbabwe,
A1A2CtPcStCo,ng,Nigeria,
,ae,United Arab Emirates,
A1A2PcPvCtCo,fr,France,
A1A2CtPvPcCo,az,Azerbaijan,
,bn,Brunei,
,bs,Bahamas,
,by,Belarus,
,bz,Belize,
,cr,Costa Rica,
,ca,Canada,
,es,Spain,
,hn,Honduras,
,hu,Hungary,
,jm,Jamaica,
,kg,Kyrgyzstan,
,kh,Cambodia,
,kz,Kazakhstan,
,md,Moldova,
,mm,Myanmar,
,np,Nepal,
,ph,Philippines,
,ss,South Sudan,
,th,Thailand,
,tj,Tajikistan,
,tr,Turkey,
,uz,Uzbekistan,
,ve,Venezuela,
,vn,Vietnam,
,za,South Africa,
A1A2PcStCtCo,nl,Netherlands,
A1A2CtStPcCo,am,Armenia,
,ar,Argentina,
,au,Australia,
,bd,Bangladesh,
,bg,Bulgaria,
,br,Brazil,
,ch,Switzerland,
,cl,Chile,
,cz,Czechia,
,ee,Estonia,
,gr,Greece,
,gt,Guatemala,
,id,Indonesia,
,it,Italy,
,ni,Nicaragua,
,mx,Mexico,
,my,Malaysia,
,pa,Panama,
,pl,Poland,
,ro,Romania,
,ru,Russia,
,sa,Saudi Arabia,
,sv,El Salvador,
,ua,Ukraine,
,us,United States,
A1A2DtCtStPcCo,iq,Iraq,
A1A2PcCtCo,al,Albania,
,at,Austria,
,ba,Bosnia and Herzegovina,
,dz,Algeria,
,de,Germany,
,hr,Croatia,
,lu,Luxembourg,
,ma,Morocco,
,me,Montenegro,
,mk,North Macedonia,
,mn,Mongolia,
,om,Oman,
,rs,Serbia,
A1CtPcCo,be,Belgium,
A1CtPcStCo,xk,Kosovo,
CoCtA1A2,hk,Hong Kong SAR,
,mo,Macao SAR,
CoPcStCtA1A2,kr,Korea,
CoPvCtDtA1A2Pc,cn,China,
PcStCtA1A2Co,jp,Japan,
AddressDistrictO,bq,Bonaire,
,cn,China,
,iq,Iraq,
,ie,Ireland,
,ly,Libya,
AddressProvinceM,bz,Belize,
,ca,Canada,
,cn,China,
,cr,Costa Rica,
,hn,Honduras,
,jm,Jamaica,
,ph,Philippines,
,es,Spain,
AddressProvinceO,az,Azerbaijan,
,bn,Brunei,
,bs,Bahamas,
,by,Belarus,
,fr,France,
,hu,Hungary,
,kg,Kyrgyzstan,
,kh,Cambodia,
,kz,Kazakhstan,
,md,Moldova,
,mm,Myanmar,
,np,Nepal,
,ss,South Sudan,
,th,Thailand,
,tj,Tajikistan,
,tr,Turkey,
,uz,Uzbekistan,
,ve,Venezuela,
,vn,Vietnam,
,za,South Africa,
AddressStateM,ar,Argentina,
,ae,United Arab Emirates,
,au,Australia,
,br,Brazil,
,ee,Estonia,
,gr,Greece,
,in,India,
,iq,Iraq,
,it,Italy,
,jp,Japan,
,kr,Korea,
,xk,Kosovo,
,my,Malaysia,
,mx,Mexico,
,ng,Nigeria,
,pa,Panama,
,ro,Romania,
,us,United States,
AddressStateO,am,Armenia,
,bd,Bangladesh,
,bg,Bulgaria,
,ch,Switzerland,
,cl,Chile,
,cz,Czechia,
,gt,Guatemala,
,id,Indonesia,
,nl,Netherlands,
,ni,Nicaragua,
,pl,Poland,
,ru,Russia,
,sa,Saudi Arabia,
,sv,El Salvador,
,ua,Ukraine,
AddressPostalCodeM,af,Afghanistan,
,al,Albania,
,dz,Algeria,
,ad,Andorra,
,ar,Argentina,
,am,Armenia,
,au,Australia,
,at,Austria,
,az,Azerbaijan,
,bh,Bahrain,
,bd,Bangladesh,
,bb,Barbados,
,by,Belarus,
,be,Belgium,
,bm,Bermuda,
,ba,Bosnia and Herzegovina,
,br,Brazil,
,bn,Brunei,
,bg,Bulgaria,
,cv,Cabo Verde,
,ca,Canada,
,ky,Cayman Islands,
,je,Jersey,
,cn,China,
,cr,Costa Rica,
,hr,Croatia,
,cy,Cyprus,
,cz,Czechia,
,dk,Denmark,
,do,Dominican Republic,
,ec,Ecuador,
,eg,Egypt,
,sv,El Salvador,
,ee,Estonia,
,fo,Faroe Islands,
,fi,Finland,
,fr,France,
,ge,Georgia,
,de,Germany,
,gr,Greece,
,gt,Guatemala,
,hn,Honduras,
,hu,Hungary,
,is,Iceland,
,in,India,
,id,Indonesia,
,iq,Iraq,
,il,Israel,
,it,Italy,
,jp,Japan,
,jo,Jordan,
,kz,Kazakhstan,
,ke,Kenya,
,kr,Korea,
,xk,Kosovo,
,kw,Kuwait,
,kg,Kyrgyzstan,
,lv,Latvia,
,lb,Lebanon,
,li,Liechtenstein,
,lt,Lithuania,
,lu,Luxembourg,
,mk,North Macedonia,
,my,Malaysia,
,mt,Malta,
,mx,Mexico,
,md,Moldova,
,mc,Monaco,
,mn,Mongolia,
,me,Montenegro,
,ma,Morocco,
,np,Nepal,
,nl,Netherlands,
,nz,New Zealand,
,ni,Nicaragua,
,ng,Nigeria,
,no,Norway,
,om,Oman,
,pa,Panama,
,pk,Pakistan,
,py,Paraguay,
,ph,Philippines,
,pl,Poland,
,pt,Portugal,
,pr,Puerto Rico,
,ro,Romania,
,ru,Russia,
,sa,Saudi Arabia,
,rs,Serbia,
,sg,Singapore,
,sk,Slovakia,
,si,Slovenia,
,za,South Africa,
,es,Spain,
,lk,Sri Lanka,
,se,Sweden,
,ch,Switzerland,
,tw,Taiwan,
,th,Thailand,
,tn,Tunisia,
,tr,Turkey,
,tm,Turkmenistan,
,vi,U.S. Virgin Islands,
,ua,Ukraine,
,gb,United Kingdom,
,us,United States,
,uy,Uruguay,
,uz,Uzbekistan,
,ve,Venezuela,
,vn,Vietnam,
,zm,Zambia,
AddressPostalCodeO,ax,Åland Islands,
,as,American Samoa,
,ai,Anguilla,
,aq,Antarctica,
,ag,Antigua and Barbuda,
,aw,Aruba,
,bs,Bahamas,
,bz,Belize,
,bj,Benin,
,bt,Bhutan,
,bo,Bolivia,
,bq,Bonaire,
,bw,Botswana,
,bv,Bouvet Island,
,io,British Indian Ocean Territory,
,bf,Burkina Faso,
,bi,Burundi,
,kh,Cambodia,
,cm,Cameroon,
,cf,Central African Republic,
,td,Chad,
,gg,Guernsey,
,cl,Chile,
,cx,Christmas Island,
,cc,Cocos (Keeling) Islands,
,co,Colombia,
,km,Comoros,
,cd,Congo (DRC),
,cg,Congo,
,ck,Cook Islands,
,ci,Côte d’Ivoire,
,cw,Curaçao,
,dj,Djibouti,
,dm,Dominica,
,gq,Equatorial Guinea,
,er,Eritrea,
,et,Ethiopia,
,fk,Falkland Islands,
,fj,Fiji,
,gf,French Guiana,
,pf,French Polynesia,
,ga,Gabon,
,gm,Gambia,
,gh,Ghana,
,gi,Gibraltar,
,gl,Greenland,
,gd,Grenada,
,gp,Guadeloupe,
,gu,Guam,
,gn,Guinea,
,gw,Guinea-Bissau,
,gy,Guyana,
,ht,Haiti,
,hm,Heard Island and McDonald Islands,
,ie,Ireland,
,im,Isle of Man,
,jm,Jamaica,
,ki,Kiribati,
,la,Laos,
,ls,Lesotho,
,lr,Liberia,
,ly,Libya,
,mg,Madagascar,
,mw,Malawi,
,mv,Maldives,
,ml,Mali,
,mh,Marshall Islands,
,mq,Martinique,
,mu,Mauritius,
,yt,Mayotte,
,fm,Micronesia,
,ms,Montserrat,
,mz,Mozambique,
,mm,Myanmar,
,na,Namibia,
,nr,Nauru,
,nc,New Caledonia,
,ne,Niger,
,nu,Niue,
,nf,Norfolk Island,
,mp,Northern Mariana Islands,
,pw,Palau,
,ps,Palestinian Authority,
,pg,Papua New Guinea,
,pe,Peru,
,pn,Pitcairn Islands,
,re,Réunion,
,rw,Rwanda,
,bl,Saint Barthélemy,
,sh,"St Helena, Ascension, Tristan da Cunha",
,kn,Saint Kitts and Nevis,
,lc,Saint Lucia,
,mf,Saint Martin,
,pm,Saint Pierre and Miquelon,
,vc,Saint Vincent and the Grenadines,
,ws,Samoa,
,sm,San Marino,
,st,São Tomé and Príncipe,
,sn,Senegal,
,sc,Seychelles,
,sl,Sierra Leone,
,sx,Sint Maarten,
,sb,Solomon Islands,
,so,Somalia,
,gs,South Georgia and South Sandwich Islands,
,sr,Suriname,
,sj,Svalbard,
,ss,South Sudan,
,sz,Eswatini,
,tj,Tajikistan,
,tz,Tanzania,
,tg,Togo,
,tk,Tokelau,
,to,Tonga,
,tt,Trinidad and Tobago,
,tc,Turks and Caicos Islands,
,tv,Tuvalu,
,ug,Uganda,
,ae,United Arab Emirates,
,um,U.S. Outlying Islands,
,vu,Vanuatu,
,va,Vatican City,
,wf,Wallis and Futuna,
,zw,Zimbabwe,
US50States,AL,Alabama,
,AK,Alaska,
,AZ,Arizona,
,AR,Arkansas,
,CA,California,
,CO,Colorado,
,CT,Connecticut,
,DE,Delaware,
,DC,District of Columbia,
,FL,Florida,
,GA,Georgia,
,HI,Hawaii,
,ID,Idaho,
,IL,Illinois,
,IN,Indiana,
,IA,Iowa,
,KS,Kansas,
,KY,Kentucky,
,LA,Louisiana,
,ME,Maine,
,MD,Maryland,
,MA,Massachusetts,
,MI,Michigan,
,MN,Minnesota,
,MS,Mississippi,
,MO,Missouri,
,MT,Montana,
,NE,Nebraska,
,NV,Nevada,
,NH,New Hampshire,
,NJ,New Jersey,
,NM,New Mexico,
,NY,New York,
,NC,North Carolina,
,ND,North Dakota,
,OH,Ohio,
,OK,Oklahoma,
,OR,Oregon,
,PA,Pennsylvania,
,PR,Puerto Rico,
,RI,Rhode Island,
,SC,South Carolina,
,SD,South Dakota,
,TN,Tennessee,
,TX,Texas,
,UT,Utah,
,VT,Vermont,
,VA,Virginia,
,WA,Washington,
,WV,West Virginia,
,WI,Wisconsin,
,WY,Wyoming,
CommercialProfileLegalTextMarkets,at,Austria,
,be,Belgium,
,bg,Bulgaria,
,hr,Croatia,
,cy,Cyprus,
,cz,Czechia,
,dk,Denmark,
,ee,Estonia,
,fi,Finland,
,fr,France,
,de,Germany,
,gr,Greece,
,hu,Hungary,
,it,Italy,
,lv,Latvia,
,lt,Lithuania,
,lu,Luxembourg,
,mt,Malta,
,nl,Netherlands,
,pl,Poland,
,pt,Portugal,
,ro,Romania,
,sk,Slovakia,
,si,Slovenia,
,es,Spain,
,se,Sweden,
,gb,United Kingdom,
,im,Isle of Man,
,mc,Monaco,
,no,Norway,
HipercardAndEloSupportedMarkets,br,Brazil,
VerveSupportedMarkets,ng,Nigeria,
PaymentInstrumentListPiSelection,({contextData.id}),,paymentInstrumentsGroup